Dataset,Sample Index (1-based),Sample File,Strategy,Bundle Space Size,Total Variables,Total Constraints,NumNZs,Subadditivity Constraints,Model Build Time (s),Gurobi Log File,Gurobi Model Size Logged
m10n10,1,sample_data_100_size_10.msgpack,MILP,1024,41994,84307,457341,32977,3.034210205078125,gurobi_stats_logs\m10n10\sample_data_100_size_10_MILP.log,True
m10n10,1,sample_data_100_size_10.msgpack,FCP,10,420,761,4033,141,0.028383493423461914,gurobi_stats_logs\m10n10\sample_data_100_size_10_FCP.log,True
m10n10,1,sample_data_100_size_10.msgpack,PCP,61,2511,10390,42936,7210,0.2383739948272705,gurobi_stats_logs\m10n10\sample_data_100_size_10_PCP.log,True
m10n10,2,sample_data_10_size_10.msgpack,MILP,1024,41994,84307,457341,32977,2.952421188354492,gurobi_stats_logs\m10n10\sample_data_10_size_10_MILP.log,True
m10n10,2,sample_data_10_size_10.msgpack,FCP,10,420,779,4087,159,0.027558088302612305,gurobi_stats_logs\m10n10\sample_data_10_size_10_FCP.log,True
m10n10,2,sample_data_10_size_10.msgpack,PCP,60,2470,13411,51798,10281,0.26660799980163574,gurobi_stats_logs\m10n10\sample_data_10_size_10_PCP.log,True
m10n10,3,sample_data_11_size_10.msgpack,MILP,1024,41994,84307,457341,32977,3.077176570892334,gurobi_stats_logs\m10n10\sample_data_11_size_10_MILP.log,True
m10n10,3,sample_data_11_size_10.msgpack,FCP,10,420,790,4120,170,0.028165578842163086,gurobi_stats_logs\m10n10\sample_data_11_size_10_FCP.log,True
m10n10,3,sample_data_11_size_10.msgpack,PCP,60,2470,12710,49694,9580,0.2616703510284424,gurobi_stats_logs\m10n10\sample_data_11_size_10_PCP.log,True
m10n10,4,sample_data_12_size_10.msgpack,MILP,1024,41994,84307,457341,32977,2.9703726768493652,gurobi_stats_logs\m10n10\sample_data_12_size_10_MILP.log,True
m10n10,4,sample_data_12_size_10.msgpack,FCP,10,420,725,3925,105,0.02701544761657715,gurobi_stats_logs\m10n10\sample_data_12_size_10_FCP.log,True
m10n10,4,sample_data_12_size_10.msgpack,PCP,50,2060,6389,28741,3759,0.16477346420288086,gurobi_stats_logs\m10n10\sample_data_12_size_10_PCP.log,True
m10n10,5,sample_data_13_size_10.msgpack,MILP,1024,41994,84307,457341,32977,3.0433473587036133,gurobi_stats_logs\m10n10\sample_data_13_size_10_MILP.log,True
m10n10,5,sample_data_13_size_10.msgpack,FCP,8,338,610,3180,90,0.021549463272094727,gurobi_stats_logs\m10n10\sample_data_13_size_10_FCP.log,True
m10n10,5,sample_data_13_size_10.msgpack,PCP,66,2716,16089,61023,12659,0.31957244873046875,gurobi_stats_logs\m10n10\sample_data_13_size_10_PCP.log,True
m10n10,6,sample_data_14_size_10.msgpack,MILP,1024,41994,84307,457341,32977,3.101790189743042,gurobi_stats_logs\m10n10\sample_data_14_size_10_MILP.log,True
m10n10,6,sample_data_14_size_10.msgpack,FCP,10,420,820,4210,200,0.02807903289794922,gurobi_stats_logs\m10n10\sample_data_14_size_10_FCP.log,True
m10n10,6,sample_data_14_size_10.msgpack,PCP,67,2757,17817,66410,14337,0.33556604385375977,gurobi_stats_logs\m10n10\sample_data_14_size_10_PCP.log,True
m10n10,7,sample_data_15_size_10.msgpack,MILP,1024,41994,84307,457341,32977,3.0361621379852295,gurobi_stats_logs\m10n10\sample_data_15_size_10_MILP.log,True
m10n10,7,sample_data_15_size_10.msgpack,FCP,10,420,835,4255,215,0.029778242111206055,gurobi_stats_logs\m10n10\sample_data_15_size_10_FCP.log,True
m10n10,7,sample_data_15_size_10.msgpack,PCP,67,2757,15032,58055,11552,0.4015960693359375,gurobi_stats_logs\m10n10\sample_data_15_size_10_PCP.log,True
m10n10,8,sample_data_16_size_10.msgpack,MILP,1024,41994,84307,457341,32977,3.014834403991699,gurobi_stats_logs\m10n10\sample_data_16_size_10_MILP.log,True
m10n10,8,sample_data_16_size_10.msgpack,FCP,10,420,779,4087,159,0.027040481567382812,gurobi_stats_logs\m10n10\sample_data_16_size_10_FCP.log,True
m10n10,8,sample_data_16_size_10.msgpack,PCP,63,2593,12035,48270,8755,0.265639066696167,gurobi_stats_logs\m10n10\sample_data_16_size_10_PCP.log,True
m10n10,9,sample_data_17_size_10.msgpack,MILP,1024,41994,84307,457341,32977,3.102733850479126,gurobi_stats_logs\m10n10\sample_data_17_size_10_MILP.log,True
m10n10,9,sample_data_17_size_10.msgpack,FCP,10,420,802,4156,182,0.027477741241455078,gurobi_stats_logs\m10n10\sample_data_17_size_10_FCP.log,True
m10n10,9,sample_data_17_size_10.msgpack,PCP,64,2634,14079,54598,10749,0.295912504196167,gurobi_stats_logs\m10n10\sample_data_17_size_10_PCP.log,True
m10n10,10,sample_data_18_size_10.msgpack,MILP,1024,41994,84307,457341,32977,3.090550661087036,gurobi_stats_logs\m10n10\sample_data_18_size_10_MILP.log,True
m10n10,10,sample_data_18_size_10.msgpack,FCP,10,420,809,4177,189,0.029178380966186523,gurobi_stats_logs\m10n10\sample_data_18_size_10_FCP.log,True
m10n10,10,sample_data_18_size_10.msgpack,PCP,65,2675,16026,60636,12646,0.3063337802886963,gurobi_stats_logs\m10n10\sample_data_18_size_10_PCP.log,True
m10n10,11,sample_data_19_size_10.msgpack,MILP,1024,41994,84307,457341,32977,3.056199789047241,gurobi_stats_logs\m10n10\sample_data_19_size_10_MILP.log,True
m10n10,11,sample_data_19_size_10.msgpack,FCP,10,420,801,4153,181,0.028261423110961914,gurobi_stats_logs\m10n10\sample_data_19_size_10_FCP.log,True
m10n10,11,sample_data_19_size_10.msgpack,PCP,64,2634,11887,48024,8557,0.35219287872314453,gurobi_stats_logs\m10n10\sample_data_19_size_10_PCP.log,True
m10n10,12,sample_data_1_size_10.msgpack,MILP,1024,41994,84307,457341,32977,2.9651522636413574,gurobi_stats_logs\m10n10\sample_data_1_size_10_MILP.log,True
m10n10,12,sample_data_1_size_10.msgpack,FCP,9,379,713,3689,143,0.025000572204589844,gurobi_stats_logs\m10n10\sample_data_1_size_10_FCP.log,True
m10n10,12,sample_data_1_size_10.msgpack,PCP,67,2757,18018,67010,14538,0.3320341110229492,gurobi_stats_logs\m10n10\sample_data_1_size_10_PCP.log,True
m10n10,13,sample_data_20_size_10.msgpack,MILP,1024,41994,84307,457341,32977,3.09031081199646,gurobi_stats_logs\m10n10\sample_data_20_size_10_MILP.log,True
m10n10,13,sample_data_20_size_10.msgpack,FCP,10,420,775,4075,155,0.02754378318786621,gurobi_stats_logs\m10n10\sample_data_20_size_10_FCP.log,True
m10n10,13,sample_data_20_size_10.msgpack,PCP,60,2470,11144,44999,8014,0.24196171760559082,gurobi_stats_logs\m10n10\sample_data_20_size_10_PCP.log,True
m10n10,14,sample_data_21_size_10.msgpack,MILP,1024,41994,84307,457341,32977,3.1123671531677246,gurobi_stats_logs\m10n10\sample_data_21_size_10_MILP.log,True
m10n10,14,sample_data_21_size_10.msgpack,FCP,8,338,594,3132,74,0.02254319190979004,gurobi_stats_logs\m10n10\sample_data_21_size_10_FCP.log,True
m10n10,14,sample_data_21_size_10.msgpack,PCP,55,2265,8507,36087,5627,0.20632028579711914,gurobi_stats_logs\m10n10\sample_data_21_size_10_PCP.log,True
m10n10,15,sample_data_22_size_10.msgpack,MILP,1024,41994,84307,457341,32977,3.002563714981079,gurobi_stats_logs\m10n10\sample_data_22_size_10_MILP.log,True
m10n10,15,sample_data_22_size_10.msgpack,FCP,10,420,862,4336,242,0.02956223487854004,gurobi_stats_logs\m10n10\sample_data_22_size_10_FCP.log,True
m10n10,15,sample_data_22_size_10.msgpack,PCP,71,2921,19079,70991,15399,0.3679366111755371,gurobi_stats_logs\m10n10\sample_data_22_size_10_PCP.log,True
m10n10,16,sample_data_23_size_10.msgpack,MILP,1024,41994,84307,457341,32977,3.100625991821289,gurobi_stats_logs\m10n10\sample_data_23_size_10_MILP.log,True
m10n10,16,sample_data_23_size_10.msgpack,FCP,10,420,865,4345,245,0.028522253036499023,gurobi_stats_logs\m10n10\sample_data_23_size_10_FCP.log,True
m10n10,16,sample_data_23_size_10.msgpack,PCP,66,2716,14753,57014,11323,0.31291627883911133,gurobi_stats_logs\m10n10\sample_data_23_size_10_PCP.log,True
m10n10,17,sample_data_24_size_10.msgpack,MILP,1024,41994,84307,457341,32977,3.0034351348876953,gurobi_stats_logs\m10n10\sample_data_24_size_10_MILP.log,True
m10n10,17,sample_data_24_size_10.msgpack,FCP,10,420,769,4057,149,0.028222084045410156,gurobi_stats_logs\m10n10\sample_data_24_size_10_FCP.log,True
m10n10,17,sample_data_24_size_10.msgpack,PCP,60,2470,9771,40883,6641,0.2374868392944336,gurobi_stats_logs\m10n10\sample_data_24_size_10_PCP.log,True
m10n10,18,sample_data_25_size_10.msgpack,MILP,1024,41994,84307,457341,32977,3.1124041080474854,gurobi_stats_logs\m10n10\sample_data_25_size_10_MILP.log,True
m10n10,18,sample_data_25_size_10.msgpack,FCP,10,420,793,4129,173,0.027750492095947266,gurobi_stats_logs\m10n10\sample_data_25_size_10_FCP.log,True
m10n10,18,sample_data_25_size_10.msgpack,PCP,62,2552,11599,46761,8369,0.26241469383239746,gurobi_stats_logs\m10n10\sample_data_25_size_10_PCP.log,True
m10n10,19,sample_data_26_size_10.msgpack,MILP,1024,41994,84307,457341,32977,3.1230814456939697,gurobi_stats_logs\m10n10\sample_data_26_size_10_MILP.log,True
m10n10,19,sample_data_26_size_10.msgpack,FCP,10,420,797,4141,177,0.028551578521728516,gurobi_stats_logs\m10n10\sample_data_26_size_10_FCP.log,True
m10n10,19,sample_data_26_size_10.msgpack,PCP,68,2798,16702,63265,13172,0.32874202728271484,gurobi_stats_logs\m10n10\sample_data_26_size_10_PCP.log,True
m10n10,20,sample_data_27_size_10.msgpack,MILP,1024,41994,84307,457341,32977,2.9891128540039062,gurobi_stats_logs\m10n10\sample_data_27_size_10_MILP.log,True
m10n10,20,sample_data_27_size_10.msgpack,FCP,10,420,822,4216,202,0.030009746551513672,gurobi_stats_logs\m10n10\sample_data_27_size_10_FCP.log,True
m10n10,20,sample_data_27_size_10.msgpack,PCP,63,2593,15604,58972,12324,0.29592227935791016,gurobi_stats_logs\m10n10\sample_data_27_size_10_PCP.log,True
m10n10,21,sample_data_28_size_10.msgpack,MILP,1024,41994,84307,457341,32977,3.136691093444824,gurobi_stats_logs\m10n10\sample_data_28_size_10_MILP.log,True
m10n10,21,sample_data_28_size_10.msgpack,FCP,10,420,803,4159,183,0.027589797973632812,gurobi_stats_logs\m10n10\sample_data_28_size_10_FCP.log,True
m10n10,21,sample_data_28_size_10.msgpack,PCP,66,2716,15755,60026,12325,0.31763172149658203,gurobi_stats_logs\m10n10\sample_data_28_size_10_PCP.log,True
m10n10,22,sample_data_29_size_10.msgpack,MILP,1024,41994,84307,457341,32977,3.0557844638824463,gurobi_stats_logs\m10n10\sample_data_29_size_10_MILP.log,True
m10n10,22,sample_data_29_size_10.msgpack,FCP,10,420,809,4177,189,0.027116775512695312,gurobi_stats_logs\m10n10\sample_data_29_size_10_FCP.log,True
m10n10,22,sample_data_29_size_10.msgpack,PCP,64,2634,12275,49188,8945,0.27017951011657715,gurobi_stats_logs\m10n10\sample_data_29_size_10_PCP.log,True
m10n10,23,sample_data_2_size_10.msgpack,MILP,1024,41994,84307,457341,32977,3.1407406330108643,gurobi_stats_logs\m10n10\sample_data_2_size_10_MILP.log,True
m10n10,23,sample_data_2_size_10.msgpack,FCP,10,420,870,4360,250,0.028476715087890625,gurobi_stats_logs\m10n10\sample_data_2_size_10_FCP.log,True
m10n10,23,sample_data_2_size_10.msgpack,PCP,65,2675,15469,58965,12089,0.3040590286254883,gurobi_stats_logs\m10n10\sample_data_2_size_10_PCP.log,True
m10n10,24,sample_data_30_size_10.msgpack,MILP,1024,41994,84307,457341,32977,2.995958089828491,gurobi_stats_logs\m10n10\sample_data_30_size_10_MILP.log,True
m10n10,24,sample_data_30_size_10.msgpack,FCP,9,379,650,3500,80,0.02507162094116211,gurobi_stats_logs\m10n10\sample_data_30_size_10_FCP.log,True
m10n10,24,sample_data_30_size_10.msgpack,PCP,56,2306,8891,37441,5961,0.29737138748168945,gurobi_stats_logs\m10n10\sample_data_30_size_10_PCP.log,True
m10n10,25,sample_data_31_size_10.msgpack,MILP,1024,41994,84307,457341,32977,3.03161883354187,gurobi_stats_logs\m10n10\sample_data_31_size_10_MILP.log,True
m10n10,25,sample_data_31_size_10.msgpack,FCP,10,420,806,4168,186,0.02854323387145996,gurobi_stats_logs\m10n10\sample_data_31_size_10_FCP.log,True
m10n10,25,sample_data_31_size_10.msgpack,PCP,61,2511,13223,51433,10043,0.2784385681152344,gurobi_stats_logs\m10n10\sample_data_31_size_10_PCP.log,True
m10n10,26,sample_data_32_size_10.msgpack,MILP,1024,41994,84307,457341,32977,3.1062467098236084,gurobi_stats_logs\m10n10\sample_data_32_size_10_MILP.log,True
m10n10,26,sample_data_32_size_10.msgpack,FCP,10,420,829,4237,209,0.031024932861328125,gurobi_stats_logs\m10n10\sample_data_32_size_10_FCP.log,True
m10n10,26,sample_data_32_size_10.msgpack,PCP,70,2880,18580,69296,14950,0.35326147079467773,gurobi_stats_logs\m10n10\sample_data_32_size_10_PCP.log,True
m10n10,27,sample_data_33_size_10.msgpack,MILP,1024,41994,84307,457341,32977,3.1174144744873047,gurobi_stats_logs\m10n10\sample_data_33_size_10_MILP.log,True
m10n10,27,sample_data_33_size_10.msgpack,FCP,10,420,827,4231,207,0.028548479080200195,gurobi_stats_logs\m10n10\sample_data_33_size_10_FCP.log,True
m10n10,27,sample_data_33_size_10.msgpack,PCP,71,2921,17802,67162,14122,0.35567283630371094,gurobi_stats_logs\m10n10\sample_data_33_size_10_PCP.log,True
m10n10,28,sample_data_34_size_10.msgpack,MILP,1024,41994,84307,457341,32977,3.034982919692993,gurobi_stats_logs\m10n10\sample_data_34_size_10_MILP.log,True
m10n10,28,sample_data_34_size_10.msgpack,FCP,9,379,695,3635,125,0.025046110153198242,gurobi_stats_logs\m10n10\sample_data_34_size_10_FCP.log,True
m10n10,28,sample_data_34_size_10.msgpack,PCP,69,2839,17153,64816,13573,0.3427443504333496,gurobi_stats_logs\m10n10\sample_data_34_size_10_PCP.log,True
m10n10,29,sample_data_35_size_10.msgpack,MILP,1024,41994,84307,457341,32977,3.1019949913024902,gurobi_stats_logs\m10n10\sample_data_35_size_10_MILP.log,True
m10n10,29,sample_data_35_size_10.msgpack,FCP,10,420,796,4138,176,0.0302126407623291,gurobi_stats_logs\m10n10\sample_data_35_size_10_FCP.log,True
m10n10,29,sample_data_35_size_10.msgpack,PCP,62,2552,12768,50268,9538,0.2845489978790283,gurobi_stats_logs\m10n10\sample_data_35_size_10_PCP.log,True
m10n10,30,sample_data_36_size_10.msgpack,MILP,1024,41994,84307,457341,32977,3.1116585731506348,gurobi_stats_logs\m10n10\sample_data_36_size_10_MILP.log,True
m10n10,30,sample_data_36_size_10.msgpack,FCP,9,379,671,3563,101,0.025808095932006836,gurobi_stats_logs\m10n10\sample_data_36_size_10_FCP.log,True
m10n10,30,sample_data_36_size_10.msgpack,PCP,53,2183,8040,34287,5260,0.19331812858581543,gurobi_stats_logs\m10n10\sample_data_36_size_10_PCP.log,True
m10n10,31,sample_data_37_size_10.msgpack,MILP,1024,41994,84307,457341,32977,3.0061895847320557,gurobi_stats_logs\m10n10\sample_data_37_size_10_MILP.log,True
m10n10,31,sample_data_37_size_10.msgpack,FCP,10,420,782,4096,162,0.027228593826293945,gurobi_stats_logs\m10n10\sample_data_37_size_10_FCP.log,True
m10n10,31,sample_data_37_size_10.msgpack,PCP,62,2552,11730,47152,8500,0.25790929794311523,gurobi_stats_logs\m10n10\sample_data_37_size_10_PCP.log,True
m10n10,32,sample_data_38_size_10.msgpack,MILP,1024,41994,84307,457341,32977,3.126002073287964,gurobi_stats_logs\m10n10\sample_data_38_size_10_MILP.log,True
m10n10,32,sample_data_38_size_10.msgpack,FCP,10,420,803,4159,183,0.02798628807067871,gurobi_stats_logs\m10n10\sample_data_38_size_10_FCP.log,True
m10n10,32,sample_data_38_size_10.msgpack,PCP,67,2757,15380,59100,11900,0.31452393531799316,gurobi_stats_logs\m10n10\sample_data_38_size_10_PCP.log,True
m10n10,33,sample_data_39_size_10.msgpack,MILP,1024,41994,84307,457341,32977,3.076799154281616,gurobi_stats_logs\m10n10\sample_data_39_size_10_MILP.log,True
m10n10,33,sample_data_39_size_10.msgpack,FCP,10,420,780,4090,160,0.028133153915405273,gurobi_stats_logs\m10n10\sample_data_39_size_10_FCP.log,True
m10n10,33,sample_data_39_size_10.msgpack,PCP,66,2716,14475,56185,11045,0.30264782905578613,gurobi_stats_logs\m10n10\sample_data_39_size_10_PCP.log,True
m10n10,34,sample_data_3_size_10.msgpack,MILP,1024,41994,84307,457341,32977,3.1277122497558594,gurobi_stats_logs\m10n10\sample_data_3_size_10_MILP.log,True
m10n10,34,sample_data_3_size_10.msgpack,FCP,10,420,817,4201,197,0.029260635375976562,gurobi_stats_logs\m10n10\sample_data_3_size_10_FCP.log,True
m10n10,34,sample_data_3_size_10.msgpack,PCP,65,2675,13585,53314,10205,0.28923606872558594,gurobi_stats_logs\m10n10\sample_data_3_size_10_PCP.log,True
m10n10,35,sample_data_40_size_10.msgpack,MILP,1024,41994,84307,457341,32977,3.0183560848236084,gurobi_stats_logs\m10n10\sample_data_40_size_10_MILP.log,True
m10n10,35,sample_data_40_size_10.msgpack,FCP,10,420,772,4066,152,0.029100418090820312,gurobi_stats_logs\m10n10\sample_data_40_size_10_FCP.log,True
m10n10,35,sample_data_40_size_10.msgpack,PCP,63,2593,12635,50069,9355,0.3629629611968994,gurobi_stats_logs\m10n10\sample_data_40_size_10_PCP.log,True
m10n10,36,sample_data_41_size_10.msgpack,MILP,1024,41994,84307,457341,32977,3.0465128421783447,gurobi_stats_logs\m10n10\sample_data_41_size_10_MILP.log,True
m10n10,36,sample_data_41_size_10.msgpack,FCP,10,420,760,4030,140,0.029239892959594727,gurobi_stats_logs\m10n10\sample_data_41_size_10_FCP.log,True
m10n10,36,sample_data_41_size_10.msgpack,PCP,64,2634,12131,48757,8801,0.27326536178588867,gurobi_stats_logs\m10n10\sample_data_41_size_10_PCP.log,True
m10n10,37,sample_data_42_size_10.msgpack,MILP,1024,41994,84307,457341,32977,3.1139488220214844,gurobi_stats_logs\m10n10\sample_data_42_size_10_MILP.log,True
m10n10,37,sample_data_42_size_10.msgpack,FCP,10,420,794,4132,174,0.02801680564880371,gurobi_stats_logs\m10n10\sample_data_42_size_10_FCP.log,True
m10n10,37,sample_data_42_size_10.msgpack,PCP,64,2634,13270,52174,9940,0.28211164474487305,gurobi_stats_logs\m10n10\sample_data_42_size_10_PCP.log,True
m10n10,38,sample_data_43_size_10.msgpack,MILP,1024,41994,84307,457341,32977,3.0462284088134766,gurobi_stats_logs\m10n10\sample_data_43_size_10_MILP.log,True
m10n10,38,sample_data_43_size_10.msgpack,FCP,10,420,792,4126,172,0.030045032501220703,gurobi_stats_logs\m10n10\sample_data_43_size_10_FCP.log,True
m10n10,38,sample_data_43_size_10.msgpack,PCP,61,2511,11635,46669,8455,0.25263047218322754,gurobi_stats_logs\m10n10\sample_data_43_size_10_PCP.log,True
m10n10,39,sample_data_44_size_10.msgpack,MILP,1024,41994,84307,457341,32977,3.1124837398529053,gurobi_stats_logs\m10n10\sample_data_44_size_10_MILP.log,True
m10n10,39,sample_data_44_size_10.msgpack,FCP,10,420,835,4255,215,0.028594017028808594,gurobi_stats_logs\m10n10\sample_data_44_size_10_FCP.log,True
m10n10,39,sample_data_44_size_10.msgpack,PCP,73,3003,18713,70294,14933,0.36452460289001465,gurobi_stats_logs\m10n10\sample_data_44_size_10_PCP.log,True
m10n10,40,sample_data_45_size_10.msgpack,MILP,1024,41994,84307,457341,32977,3.126042604446411,gurobi_stats_logs\m10n10\sample_data_45_size_10_MILP.log,True
m10n10,40,sample_data_45_size_10.msgpack,FCP,10,420,799,4147,179,0.028532743453979492,gurobi_stats_logs\m10n10\sample_data_45_size_10_FCP.log,True
m10n10,40,sample_data_45_size_10.msgpack,PCP,66,2716,15139,58180,11709,0.30824756622314453,gurobi_stats_logs\m10n10\sample_data_45_size_10_PCP.log,True
m10n10,41,sample_data_46_size_10.msgpack,MILP,1024,41994,84307,457341,32977,3.0121448040008545,gurobi_stats_logs\m10n10\sample_data_46_size_10_MILP.log,True
m10n10,41,sample_data_46_size_10.msgpack,FCP,10,420,840,4270,220,0.028566837310791016,gurobi_stats_logs\m10n10\sample_data_46_size_10_FCP.log,True
m10n10,41,sample_data_46_size_10.msgpack,PCP,64,2634,15378,58492,12048,0.3033146858215332,gurobi_stats_logs\m10n10\sample_data_46_size_10_PCP.log,True
m10n10,42,sample_data_47_size_10.msgpack,MILP,1024,41994,84307,457341,32977,3.09767746925354,gurobi_stats_logs\m10n10\sample_data_47_size_10_MILP.log,True
m10n10,42,sample_data_47_size_10.msgpack,FCP,10,420,826,4228,206,0.028548002243041992,gurobi_stats_logs\m10n10\sample_data_47_size_10_FCP.log,True
m10n10,42,sample_data_47_size_10.msgpack,PCP,66,2716,15643,59687,12213,0.31244659423828125,gurobi_stats_logs\m10n10\sample_data_47_size_10_PCP.log,True
m10n10,43,sample_data_48_size_10.msgpack,MILP,1024,41994,84307,457341,32977,3.0369975566864014,gurobi_stats_logs\m10n10\sample_data_48_size_10_MILP.log,True
m10n10,43,sample_data_48_size_10.msgpack,FCP,8,338,644,3282,124,0.023523569107055664,gurobi_stats_logs\m10n10\sample_data_48_size_10_FCP.log,True
m10n10,43,sample_data_48_size_10.msgpack,PCP,76,3126,21132,78146,17202,0.4744987487792969,gurobi_stats_logs\m10n10\sample_data_48_size_10_PCP.log,True
m10n10,44,sample_data_49_size_10.msgpack,MILP,1024,41994,84307,457341,32977,3.1335952281951904,gurobi_stats_logs\m10n10\sample_data_49_size_10_MILP.log,True
m10n10,44,sample_data_49_size_10.msgpack,FCP,10,420,830,4240,210,0.030087947845458984,gurobi_stats_logs\m10n10\sample_data_49_size_10_FCP.log,True
m10n10,44,sample_data_49_size_10.msgpack,PCP,69,2839,18001,67360,14421,0.34583353996276855,gurobi_stats_logs\m10n10\sample_data_49_size_10_PCP.log,True
m10n10,45,sample_data_4_size_10.msgpack,MILP,1024,41994,84307,457341,32977,3.123486042022705,gurobi_stats_logs\m10n10\sample_data_4_size_10_MILP.log,True
m10n10,45,sample_data_4_size_10.msgpack,FCP,9,379,668,3554,98,0.026361703872680664,gurobi_stats_logs\m10n10\sample_data_4_size_10_FCP.log,True
m10n10,45,sample_data_4_size_10.msgpack,PCP,59,2429,9463,39756,6383,0.2337353229522705,gurobi_stats_logs\m10n10\sample_data_4_size_10_PCP.log,True
m10n10,46,sample_data_50_size_10.msgpack,MILP,1024,41994,84307,457341,32977,3.0253257751464844,gurobi_stats_logs\m10n10\sample_data_50_size_10_MILP.log,True
m10n10,46,sample_data_50_size_10.msgpack,FCP,9,379,673,3569,103,0.025608062744140625,gurobi_stats_logs\m10n10\sample_data_50_size_10_FCP.log,True
m10n10,46,sample_data_50_size_10.msgpack,PCP,56,2306,8633,36665,5703,0.21085453033447266,gurobi_stats_logs\m10n10\sample_data_50_size_10_PCP.log,True
m10n10,47,sample_data_51_size_10.msgpack,MILP,1024,41994,84307,457341,32977,3.1330461502075195,gurobi_stats_logs\m10n10\sample_data_51_size_10_MILP.log,True
m10n10,47,sample_data_51_size_10.msgpack,FCP,10,420,739,3967,119,0.029417991638183594,gurobi_stats_logs\m10n10\sample_data_51_size_10_FCP.log,True
m10n10,47,sample_data_51_size_10.msgpack,PCP,58,2388,9704,40278,6674,0.22221708297729492,gurobi_stats_logs\m10n10\sample_data_51_size_10_PCP.log,True
m10n10,48,sample_data_52_size_10.msgpack,MILP,1024,41994,84307,457341,32977,3.056824207305908,gurobi_stats_logs\m10n10\sample_data_52_size_10_MILP.log,True
m10n10,48,sample_data_52_size_10.msgpack,FCP,10,420,803,4159,183,0.029489517211914062,gurobi_stats_logs\m10n10\sample_data_52_size_10_FCP.log,True
m10n10,48,sample_data_52_size_10.msgpack,PCP,66,2716,14245,55494,10815,0.3047373294830322,gurobi_stats_logs\m10n10\sample_data_52_size_10_PCP.log,True
m10n10,49,sample_data_53_size_10.msgpack,MILP,1024,41994,84307,457341,32977,3.1581716537475586,gurobi_stats_logs\m10n10\sample_data_53_size_10_MILP.log,True
m10n10,49,sample_data_53_size_10.msgpack,FCP,10,420,836,4258,216,0.029055356979370117,gurobi_stats_logs\m10n10\sample_data_53_size_10_FCP.log,True
m10n10,49,sample_data_53_size_10.msgpack,PCP,65,2675,16193,61135,12813,0.3176429271697998,gurobi_stats_logs\m10n10\sample_data_53_size_10_PCP.log,True
m10n10,50,sample_data_54_size_10.msgpack,MILP,1024,41994,84307,457341,32977,3.0556423664093018,gurobi_stats_logs\m10n10\sample_data_54_size_10_MILP.log,True
m10n10,50,sample_data_54_size_10.msgpack,FCP,9,379,713,3689,143,0.026052474975585938,gurobi_stats_logs\m10n10\sample_data_54_size_10_FCP.log,True
m10n10,50,sample_data_54_size_10.msgpack,PCP,67,2757,14413,56195,10933,0.30989861488342285,gurobi_stats_logs\m10n10\sample_data_54_size_10_PCP.log,True
m20n10,1,sample_data_100_size_10.msgpack,MILP,1024,82964,135837,1225351,32977,8.072753667831421,gurobi_stats_logs\m20n10\sample_data_100_size_10_MILP.log,True
m20n10,1,sample_data_100_size_10.msgpack,FCP,20,1640,4131,27493,1691,0.252880334854126,gurobi_stats_logs\m20n10\sample_data_100_size_10_FCP.log,True
m20n10,1,sample_data_100_size_10.msgpack,PCP,117,9497,88220,356784,76060,1.898456335067749,gurobi_stats_logs\m20n10\sample_data_100_size_10_PCP.log,True
m20n10,2,sample_data_10_size_10.msgpack,MILP,1024,82964,135837,1225351,32977,8.10015320777893,gurobi_stats_logs\m20n10\sample_data_10_size_10_MILP.log,True
m20n10,2,sample_data_10_size_10.msgpack,FCP,20,1640,3716,26248,1276,0.15859031677246094,gurobi_stats_logs\m20n10\sample_data_10_size_10_FCP.log,True
m20n10,2,sample_data_10_size_10.msgpack,PCP,106,8606,64804,277743,53744,1.5751960277557373,gurobi_stats_logs\m20n10\sample_data_10_size_10_PCP.log,True
m20n10,3,sample_data_11_size_10.msgpack,MILP,1024,82964,135837,1225351,32977,8.091114521026611,gurobi_stats_logs\m20n10\sample_data_11_size_10_MILP.log,True
m20n10,3,sample_data_11_size_10.msgpack,FCP,19,1559,3522,24866,1182,0.14430451393127441,gurobi_stats_logs\m20n10\sample_data_11_size_10_FCP.log,True
m20n10,3,sample_data_11_size_10.msgpack,PCP,109,8849,62083,271978,50723,1.5276317596435547,gurobi_stats_logs\m20n10\sample_data_11_size_10_PCP.log,True
m20n10,4,sample_data_12_size_10.msgpack,MILP,1024,82964,135837,1225351,32977,8.032673120498657,gurobi_stats_logs\m20n10\sample_data_12_size_10_MILP.log,True
m20n10,4,sample_data_12_size_10.msgpack,FCP,19,1559,4214,26942,1874,0.15311861038208008,gurobi_stats_logs\m20n10\sample_data_12_size_10_FCP.log,True
m20n10,4,sample_data_12_size_10.msgpack,PCP,126,10226,119736,458515,106676,2.325962543487549,gurobi_stats_logs\m20n10\sample_data_12_size_10_PCP.log,True
m20n10,5,sample_data_13_size_10.msgpack,MILP,1024,82964,135837,1225351,32977,8.120027303695679,gurobi_stats_logs\m20n10\sample_data_13_size_10_MILP.log,True
m20n10,5,sample_data_13_size_10.msgpack,FCP,20,1640,3929,26887,1489,0.16852355003356934,gurobi_stats_logs\m20n10\sample_data_13_size_10_FCP.log,True
m20n10,5,sample_data_13_size_10.msgpack,PCP,97,7877,54741,240362,44581,1.3229401111602783,gurobi_stats_logs\m20n10\sample_data_13_size_10_PCP.log,True
m20n10,6,sample_data_14_size_10.msgpack,MILP,1024,82964,135837,1225351,32977,8.127110719680786,gurobi_stats_logs\m20n10\sample_data_14_size_10_MILP.log,True
m20n10,6,sample_data_14_size_10.msgpack,FCP,20,1640,4168,27604,1728,0.161268949508667,gurobi_stats_logs\m20n10\sample_data_14_size_10_FCP.log,True
m20n10,6,sample_data_14_size_10.msgpack,PCP,114,9254,75339,315740,63479,1.7517437934875488,gurobi_stats_logs\m20n10\sample_data_14_size_10_PCP.log,True
m20n10,7,sample_data_15_size_10.msgpack,MILP,1024,82964,135837,1225351,32977,8.064875602722168,gurobi_stats_logs\m20n10\sample_data_15_size_10_MILP.log,True
m20n10,7,sample_data_15_size_10.msgpack,FCP,18,1478,3288,23364,1048,0.1378927230834961,gurobi_stats_logs\m20n10\sample_data_15_size_10_FCP.log,True
m20n10,7,sample_data_15_size_10.msgpack,PCP,114,9254,82246,336466,70386,1.8099160194396973,gurobi_stats_logs\m20n10\sample_data_15_size_10_PCP.log,True
m20n10,8,sample_data_16_size_10.msgpack,MILP,1024,82964,135837,1225351,32977,8.123734951019287,gurobi_stats_logs\m20n10\sample_data_16_size_10_MILP.log,True
m20n10,8,sample_data_16_size_10.msgpack,FCP,19,1559,3736,25508,1396,0.15061664581298828,gurobi_stats_logs\m20n10\sample_data_16_size_10_FCP.log,True
m20n10,8,sample_data_16_size_10.msgpack,PCP,106,8606,66358,282401,55298,1.4554109573364258,gurobi_stats_logs\m20n10\sample_data_16_size_10_PCP.log,True
m20n10,9,sample_data_17_size_10.msgpack,MILP,1024,82964,135837,1225351,32977,8.185220718383789,gurobi_stats_logs\m20n10\sample_data_17_size_10_MILP.log,True
m20n10,9,sample_data_17_size_10.msgpack,FCP,18,1478,3523,24069,1283,0.14294791221618652,gurobi_stats_logs\m20n10\sample_data_17_size_10_FCP.log,True
m20n10,9,sample_data_17_size_10.msgpack,PCP,119,9659,90928,366504,78568,1.840834617614746,gurobi_stats_logs\m20n10\sample_data_17_size_10_PCP.log,True
m20n10,10,sample_data_18_size_10.msgpack,MILP,1024,82964,135837,1225351,32977,8.102942705154419,gurobi_stats_logs\m20n10\sample_data_18_size_10_MILP.log,True
m20n10,10,sample_data_18_size_10.msgpack,FCP,19,1559,3854,25862,1514,0.14882612228393555,gurobi_stats_logs\m20n10\sample_data_18_size_10_FCP.log,True
m20n10,10,sample_data_18_size_10.msgpack,PCP,118,9578,100010,392952,87750,2.0263419151306152,gurobi_stats_logs\m20n10\sample_data_18_size_10_PCP.log,True
m20n10,11,sample_data_19_size_10.msgpack,MILP,1024,82964,135837,1225351,32977,8.164879560470581,gurobi_stats_logs\m20n10\sample_data_19_size_10_MILP.log,True
m20n10,11,sample_data_19_size_10.msgpack,FCP,20,1640,3958,26974,1518,0.15540409088134766,gurobi_stats_logs\m20n10\sample_data_19_size_10_FCP.log,True
m20n10,11,sample_data_19_size_10.msgpack,PCP,112,9092,81159,331606,69499,1.6662468910217285,gurobi_stats_logs\m20n10\sample_data_19_size_10_PCP.log,True
m20n10,12,sample_data_1_size_10.msgpack,MILP,1024,82964,135837,1225351,32977,8.165022850036621,gurobi_stats_logs\m20n10\sample_data_1_size_10_MILP.log,True
m20n10,12,sample_data_1_size_10.msgpack,FCP,18,1478,3686,24558,1446,0.14246869087219238,gurobi_stats_logs\m20n10\sample_data_1_size_10_FCP.log,True
m20n10,12,sample_data_1_size_10.msgpack,PCP,125,10145,108190,423085,95230,2.1980066299438477,gurobi_stats_logs\m20n10\sample_data_1_size_10_PCP.log,True
m20n10,13,sample_data_20_size_10.msgpack,MILP,1024,82964,135837,1225351,32977,8.1910879611969,gurobi_stats_logs\m20n10\sample_data_20_size_10_MILP.log,True
m20n10,13,sample_data_20_size_10.msgpack,FCP,20,1640,3981,27043,1541,0.1576399803161621,gurobi_stats_logs\m20n10\sample_data_20_size_10_FCP.log,True
m20n10,13,sample_data_20_size_10.msgpack,PCP,114,9254,78265,324523,66405,1.6409780979156494,gurobi_stats_logs\m20n10\sample_data_20_size_10_PCP.log,True
m20n10,14,sample_data_21_size_10.msgpack,MILP,1024,82964,135837,1225351,32977,8.141191005706787,gurobi_stats_logs\m20n10\sample_data_21_size_10_MILP.log,True
m20n10,14,sample_data_21_size_10.msgpack,FCP,20,1640,4036,27208,1596,0.16156744956970215,gurobi_stats_logs\m20n10\sample_data_21_size_10_FCP.log,True
m20n10,14,sample_data_21_size_10.msgpack,PCP,116,9416,91579,366060,79519,1.9417073726654053,gurobi_stats_logs\m20n10\sample_data_21_size_10_PCP.log,True
m20n10,15,sample_data_22_size_10.msgpack,MILP,1024,82964,135837,1225351,32977,8.07380986213684,gurobi_stats_logs\m20n10\sample_data_22_size_10_MILP.log,True
m20n10,15,sample_data_22_size_10.msgpack,FCP,19,1559,3775,25625,1435,0.1492013931274414,gurobi_stats_logs\m20n10\sample_data_22_size_10_FCP.log,True
m20n10,15,sample_data_22_size_10.msgpack,PCP,121,9821,93958,377195,81398,2.1135637760162354,gurobi_stats_logs\m20n10\sample_data_22_size_10_PCP.log,True
m20n10,16,sample_data_23_size_10.msgpack,MILP,1024,82964,135837,1225351,32977,8.108222723007202,gurobi_stats_logs\m20n10\sample_data_23_size_10_MILP.log,True
m20n10,16,sample_data_23_size_10.msgpack,FCP,17,1397,3438,23014,1298,0.13274550437927246,gurobi_stats_logs\m20n10\sample_data_23_size_10_FCP.log,True
m20n10,16,sample_data_23_size_10.msgpack,PCP,133,10793,145292,540780,131532,2.7096400260925293,gurobi_stats_logs\m20n10\sample_data_23_size_10_PCP.log,True
m20n10,17,sample_data_24_size_10.msgpack,MILP,1024,82964,135837,1225351,32977,8.214845180511475,gurobi_stats_logs\m20n10\sample_data_24_size_10_MILP.log,True
m20n10,17,sample_data_24_size_10.msgpack,FCP,19,1559,3933,26099,1593,0.15134859085083008,gurobi_stats_logs\m20n10\sample_data_24_size_10_FCP.log,True
m20n10,17,sample_data_24_size_10.msgpack,PCP,116,9416,96418,380570,84358,2.0044922828674316,gurobi_stats_logs\m20n10\sample_data_24_size_10_PCP.log,True
m20n10,18,sample_data_25_size_10.msgpack,MILP,1024,82964,135837,1225351,32977,8.055935621261597,gurobi_stats_logs\m20n10\sample_data_25_size_10_MILP.log,True
m20n10,18,sample_data_25_size_10.msgpack,FCP,18,1478,3620,24360,1380,0.1415572166442871,gurobi_stats_logs\m20n10\sample_data_25_size_10_FCP.log,True
m20n10,18,sample_data_25_size_10.msgpack,PCP,114,9254,84340,342737,72480,1.817936658859253,gurobi_stats_logs\m20n10\sample_data_25_size_10_PCP.log,True
m20n10,19,sample_data_26_size_10.msgpack,MILP,1024,82964,135837,1225351,32977,8.198915958404541,gurobi_stats_logs\m20n10\sample_data_26_size_10_MILP.log,True
m20n10,19,sample_data_26_size_10.msgpack,FCP,20,1640,4455,28465,2015,0.16132235527038574,gurobi_stats_logs\m20n10\sample_data_26_size_10_FCP.log,True
m20n10,19,sample_data_26_size_10.msgpack,PCP,125,10145,120349,459558,107389,2.344883918762207,gurobi_stats_logs\m20n10\sample_data_26_size_10_PCP.log,True
m20n10,20,sample_data_27_size_10.msgpack,MILP,1024,82964,135837,1225351,32977,8.04597783088684,gurobi_stats_logs\m20n10\sample_data_27_size_10_MILP.log,True
m20n10,20,sample_data_27_size_10.msgpack,FCP,19,1559,3493,24779,1153,0.23352313041687012,gurobi_stats_logs\m20n10\sample_data_27_size_10_FCP.log,True
m20n10,20,sample_data_27_size_10.msgpack,PCP,107,8687,67104,285447,55944,1.5811207294464111,gurobi_stats_logs\m20n10\sample_data_27_size_10_PCP.log,True
m20n10,21,sample_data_28_size_10.msgpack,MILP,1024,82964,135837,1225351,32977,8.100558519363403,gurobi_stats_logs\m20n10\sample_data_28_size_10_MILP.log,True
m20n10,21,sample_data_28_size_10.msgpack,FCP,18,1478,3478,23934,1238,0.13878107070922852,gurobi_stats_logs\m20n10\sample_data_28_size_10_FCP.log,True
m20n10,21,sample_data_28_size_10.msgpack,PCP,116,9416,83212,340957,71152,1.8573217391967773,gurobi_stats_logs\m20n10\sample_data_28_size_10_PCP.log,True
m20n10,22,sample_data_29_size_10.msgpack,MILP,1024,82964,135837,1225351,32977,8.076394319534302,gurobi_stats_logs\m20n10\sample_data_29_size_10_MILP.log,True
m20n10,22,sample_data_29_size_10.msgpack,FCP,20,1640,4038,27214,1598,0.1619548797607422,gurobi_stats_logs\m20n10\sample_data_29_size_10_FCP.log,True
m20n10,22,sample_data_29_size_10.msgpack,PCP,114,9254,82702,337834,70842,1.8071999549865723,gurobi_stats_logs\m20n10\sample_data_29_size_10_PCP.log,True
m20n10,23,sample_data_2_size_10.msgpack,MILP,1024,82964,135837,1225351,32977,8.280256032943726,gurobi_stats_logs\m20n10\sample_data_2_size_10_MILP.log,True
m20n10,23,sample_data_2_size_10.msgpack,FCP,20,1640,4099,27397,1659,0.1570589542388916,gurobi_stats_logs\m20n10\sample_data_2_size_10_FCP.log,True
m20n10,23,sample_data_2_size_10.msgpack,PCP,116,9416,83493,341802,71433,1.858400583267212,gurobi_stats_logs\m20n10\sample_data_2_size_10_PCP.log,True
m20n10,24,sample_data_30_size_10.msgpack,MILP,1024,82964,135837,1225351,32977,8.134037494659424,gurobi_stats_logs\m20n10\sample_data_30_size_10_MILP.log,True
m20n10,24,sample_data_30_size_10.msgpack,FCP,19,1559,3686,25358,1346,0.15018033981323242,gurobi_stats_logs\m20n10\sample_data_30_size_10_FCP.log,True
m20n10,24,sample_data_30_size_10.msgpack,PCP,115,9335,83410,340756,71450,1.8361060619354248,gurobi_stats_logs\m20n10\sample_data_30_size_10_PCP.log,True
m20n10,25,sample_data_31_size_10.msgpack,MILP,1024,82964,135837,1225351,32977,8.111518621444702,gurobi_stats_logs\m20n10\sample_data_31_size_10_MILP.log,True
m20n10,25,sample_data_31_size_10.msgpack,FCP,20,1640,3860,26680,1420,0.15839457511901855,gurobi_stats_logs\m20n10\sample_data_31_size_10_FCP.log,True
m20n10,25,sample_data_31_size_10.msgpack,PCP,105,8525,62533,270133,51573,1.531770944595337,gurobi_stats_logs\m20n10\sample_data_31_size_10_PCP.log,True
m20n10,26,sample_data_32_size_10.msgpack,MILP,1024,82964,135837,1225351,32977,8.139715433120728,gurobi_stats_logs\m20n10\sample_data_32_size_10_MILP.log,True
m20n10,26,sample_data_32_size_10.msgpack,FCP,20,1640,4044,27232,1604,0.1568148136138916,gurobi_stats_logs\m20n10\sample_data_32_size_10_FCP.log,True
m20n10,26,sample_data_32_size_10.msgpack,PCP,120,9740,97089,385792,84629,1.9969003200531006,gurobi_stats_logs\m20n10\sample_data_32_size_10_PCP.log,True
m20n10,27,sample_data_33_size_10.msgpack,MILP,1024,82964,135837,1225351,32977,8.221739530563354,gurobi_stats_logs\m20n10\sample_data_33_size_10_MILP.log,True
m20n10,27,sample_data_33_size_10.msgpack,FCP,20,1640,3776,26428,1336,0.1563892364501953,gurobi_stats_logs\m20n10\sample_data_33_size_10_FCP.log,True
m20n10,27,sample_data_33_size_10.msgpack,PCP,110,8930,73115,305877,61655,1.6893205642700195,gurobi_stats_logs\m20n10\sample_data_33_size_10_PCP.log,True
m20n10,28,sample_data_34_size_10.msgpack,MILP,1024,82964,135837,1225351,32977,8.115691184997559,gurobi_stats_logs\m20n10\sample_data_34_size_10_MILP.log,True
m20n10,28,sample_data_34_size_10.msgpack,FCP,20,1640,3648,26044,1208,0.15987110137939453,gurobi_stats_logs\m20n10\sample_data_34_size_10_FCP.log,True
m20n10,28,sample_data_34_size_10.msgpack,PCP,107,8687,58531,259734,47371,1.4908864498138428,gurobi_stats_logs\m20n10\sample_data_34_size_10_PCP.log,True
m20n10,29,sample_data_35_size_10.msgpack,MILP,1024,82964,135837,1225351,32977,8.077179431915283,gurobi_stats_logs\m20n10\sample_data_35_size_10_MILP.log,True
m20n10,29,sample_data_35_size_10.msgpack,FCP,20,1640,3912,26836,1472,0.15561747550964355,gurobi_stats_logs\m20n10\sample_data_35_size_10_FCP.log,True
m20n10,29,sample_data_35_size_10.msgpack,PCP,100,8120,55506,245049,45046,1.2904424667358398,gurobi_stats_logs\m20n10\sample_data_35_size_10_PCP.log,True
m20n10,30,sample_data_36_size_10.msgpack,MILP,1024,82964,135837,1225351,32977,8.177095413208008,gurobi_stats_logs\m20n10\sample_data_36_size_10_MILP.log,True
m20n10,30,sample_data_36_size_10.msgpack,FCP,19,1559,3540,24920,1200,0.15501761436462402,gurobi_stats_logs\m20n10\sample_data_36_size_10_FCP.log,True
m20n10,30,sample_data_36_size_10.msgpack,PCP,115,9335,78504,326040,66544,1.790440559387207,gurobi_stats_logs\m20n10\sample_data_36_size_10_PCP.log,True
m20n10,31,sample_data_37_size_10.msgpack,MILP,1024,82964,135837,1225351,32977,8.0934157371521,gurobi_stats_logs\m20n10\sample_data_37_size_10_MILP.log,True
m20n10,31,sample_data_37_size_10.msgpack,FCP,20,1640,3916,26848,1476,0.15433549880981445,gurobi_stats_logs\m20n10\sample_data_37_size_10_FCP.log,True
m20n10,31,sample_data_37_size_10.msgpack,PCP,114,9254,77101,321035,65241,1.776468276977539,gurobi_stats_logs\m20n10\sample_data_37_size_10_PCP.log,True
m20n10,32,sample_data_38_size_10.msgpack,MILP,1024,82964,135837,1225351,32977,8.251765966415405,gurobi_stats_logs\m20n10\sample_data_38_size_10_MILP.log,True
m20n10,32,sample_data_38_size_10.msgpack,FCP,20,1640,3961,26983,1521,0.1563875675201416,gurobi_stats_logs\m20n10\sample_data_38_size_10_FCP.log,True
m20n10,32,sample_data_38_size_10.msgpack,PCP,108,8768,74898,309621,63638,1.6028409004211426,gurobi_stats_logs\m20n10\sample_data_38_size_10_PCP.log,True
m20n10,33,sample_data_39_size_10.msgpack,MILP,1024,82964,135837,1225351,32977,8.21126675605774,gurobi_stats_logs\m20n10\sample_data_39_size_10_MILP.log,True
m20n10,33,sample_data_39_size_10.msgpack,FCP,19,1559,3960,26180,1620,0.15278005599975586,gurobi_stats_logs\m20n10\sample_data_39_size_10_FCP.log,True
m20n10,33,sample_data_39_size_10.msgpack,PCP,129,10469,130377,492842,117017,2.4830641746520996,gurobi_stats_logs\m20n10\sample_data_39_size_10_PCP.log,True
m20n10,34,sample_data_3_size_10.msgpack,MILP,1024,82964,135837,1225351,32977,8.11598801612854,gurobi_stats_logs\m20n10\sample_data_3_size_10_MILP.log,True
m20n10,34,sample_data_3_size_10.msgpack,FCP,19,1559,4134,26702,1794,0.24561023712158203,gurobi_stats_logs\m20n10\sample_data_3_size_10_FCP.log,True
m20n10,34,sample_data_3_size_10.msgpack,PCP,124,10064,114862,442295,102002,2.2824056148529053,gurobi_stats_logs\m20n10\sample_data_3_size_10_PCP.log,True
m20n10,35,sample_data_40_size_10.msgpack,MILP,1024,82964,135837,1225351,32977,8.075457334518433,gurobi_stats_logs\m20n10\sample_data_40_size_10_MILP.log,True
m20n10,35,sample_data_40_size_10.msgpack,FCP,20,1640,3890,26770,1450,0.24394989013671875,gurobi_stats_logs\m20n10\sample_data_40_size_10_FCP.log,True
m20n10,35,sample_data_40_size_10.msgpack,PCP,115,9335,78485,325983,66525,1.8245079517364502,gurobi_stats_logs\m20n10\sample_data_40_size_10_PCP.log,True
m20n10,36,sample_data_41_size_10.msgpack,MILP,1024,82964,135837,1225351,32977,8.099870443344116,gurobi_stats_logs\m20n10\sample_data_41_size_10_MILP.log,True
m20n10,36,sample_data_41_size_10.msgpack,FCP,20,1640,3829,26587,1389,0.1568608283996582,gurobi_stats_logs\m20n10\sample_data_41_size_10_FCP.log,True
m20n10,36,sample_data_41_size_10.msgpack,PCP,105,8525,55457,248907,44497,1.4258525371551514,gurobi_stats_logs\m20n10\sample_data_41_size_10_PCP.log,True
m20n10,37,sample_data_42_size_10.msgpack,MILP,1024,82964,135837,1225351,32977,8.123535871505737,gurobi_stats_logs\m20n10\sample_data_42_size_10_MILP.log,True
m20n10,37,sample_data_42_size_10.msgpack,FCP,20,1640,4217,27751,1777,0.16344976425170898,gurobi_stats_logs\m20n10\sample_data_42_size_10_FCP.log,True
m20n10,37,sample_data_42_size_10.msgpack,PCP,114,9254,86353,348784,74493,1.8591563701629639,gurobi_stats_logs\m20n10\sample_data_42_size_10_PCP.log,True
m20n10,38,sample_data_43_size_10.msgpack,MILP,1024,82964,135837,1225351,32977,8.200098752975464,gurobi_stats_logs\m20n10\sample_data_43_size_10_MILP.log,True
m20n10,38,sample_data_43_size_10.msgpack,FCP,19,1559,3715,25445,1375,0.14894413948059082,gurobi_stats_logs\m20n10\sample_data_43_size_10_FCP.log,True
m20n10,38,sample_data_43_size_10.msgpack,PCP,114,9254,85799,347120,73939,1.8667948246002197,gurobi_stats_logs\m20n10\sample_data_43_size_10_PCP.log,True
m20n10,39,sample_data_44_size_10.msgpack,MILP,1024,82964,135837,1225351,32977,8.090004682540894,gurobi_stats_logs\m20n10\sample_data_44_size_10_MILP.log,True
m20n10,39,sample_data_44_size_10.msgpack,FCP,19,1559,3817,25751,1477,0.1514589786529541,gurobi_stats_logs\m20n10\sample_data_44_size_10_FCP.log,True
m20n10,39,sample_data_44_size_10.msgpack,PCP,111,9011,76895,318004,65335,1.7242190837860107,gurobi_stats_logs\m20n10\sample_data_44_size_10_PCP.log,True
m20n10,40,sample_data_45_size_10.msgpack,MILP,1024,82964,135837,1225351,32977,8.297563314437866,gurobi_stats_logs\m20n10\sample_data_45_size_10_MILP.log,True
m20n10,40,sample_data_45_size_10.msgpack,FCP,19,1559,3702,25406,1362,0.14563202857971191,gurobi_stats_logs\m20n10\sample_data_45_size_10_FCP.log,True
m20n10,40,sample_data_45_size_10.msgpack,PCP,121,9821,99249,393064,86689,1.9597280025482178,gurobi_stats_logs\m20n10\sample_data_45_size_10_PCP.log,True
m20n10,41,sample_data_46_size_10.msgpack,MILP,1024,82964,135837,1225351,32977,8.208692073822021,gurobi_stats_logs\m20n10\sample_data_46_size_10_MILP.log,True
m20n10,41,sample_data_46_size_10.msgpack,FCP,20,1640,4193,27679,1753,0.16422748565673828,gurobi_stats_logs\m20n10\sample_data_46_size_10_FCP.log,True
m20n10,41,sample_data_46_size_10.msgpack,PCP,113,9173,96218,377577,84458,1.9757745265960693,gurobi_stats_logs\m20n10\sample_data_46_size_10_PCP.log,True
m20n10,42,sample_data_47_size_10.msgpack,MILP,1024,82964,135837,1225351,32977,8.2889244556427,gurobi_stats_logs\m20n10\sample_data_47_size_10_MILP.log,True
m20n10,42,sample_data_47_size_10.msgpack,FCP,19,1559,3810,25730,1470,0.15050005912780762,gurobi_stats_logs\m20n10\sample_data_47_size_10_FCP.log,True
m20n10,42,sample_data_47_size_10.msgpack,PCP,115,9335,94052,372677,82092,1.846970796585083,gurobi_stats_logs\m20n10\sample_data_47_size_10_PCP.log,True
m20n10,43,sample_data_48_size_10.msgpack,MILP,1024,82964,135837,1225351,32977,8.214052200317383,gurobi_stats_logs\m20n10\sample_data_48_size_10_MILP.log,True
m20n10,43,sample_data_48_size_10.msgpack,FCP,20,1640,3983,27049,1543,0.16230010986328125,gurobi_stats_logs\m20n10\sample_data_48_size_10_FCP.log,True
m20n10,43,sample_data_48_size_10.msgpack,PCP,111,9011,69535,295934,57975,1.5479323863983154,gurobi_stats_logs\m20n10\sample_data_48_size_10_PCP.log,True
m20n10,44,sample_data_49_size_10.msgpack,MILP,1024,82964,135837,1225351,32977,8.173287153244019,gurobi_stats_logs\m20n10\sample_data_49_size_10_MILP.log,True
m20n10,44,sample_data_49_size_10.msgpack,FCP,20,1640,3983,27049,1543,0.15754961967468262,gurobi_stats_logs\m20n10\sample_data_49_size_10_FCP.log,True
m20n10,44,sample_data_49_size_10.msgpack,PCP,110,8930,70085,296786,58625,1.6391816139221191,gurobi_stats_logs\m20n10\sample_data_49_size_10_PCP.log,True
m20n10,45,sample_data_4_size_10.msgpack,MILP,1024,82964,135837,1225351,32977,8.095310688018799,gurobi_stats_logs\m20n10\sample_data_4_size_10_MILP.log,True
m20n10,45,sample_data_4_size_10.msgpack,FCP,20,1640,4408,28324,1968,0.15917444229125977,gurobi_stats_logs\m20n10\sample_data_4_size_10_FCP.log,True
m20n10,45,sample_data_4_size_10.msgpack,PCP,123,9983,101572,401630,88812,2.0908398628234863,gurobi_stats_logs\m20n10\sample_data_4_size_10_PCP.log,True
m20n10,46,sample_data_50_size_10.msgpack,MILP,1024,82964,135837,1225351,32977,8.288294792175293,gurobi_stats_logs\m20n10\sample_data_50_size_10_MILP.log,True
m20n10,46,sample_data_50_size_10.msgpack,FCP,20,1640,3677,26131,1237,0.15336823463439941,gurobi_stats_logs\m20n10\sample_data_50_size_10_FCP.log,True
m20n10,46,sample_data_50_size_10.msgpack,PCP,104,8444,56052,249894,45192,1.3116300106048584,gurobi_stats_logs\m20n10\sample_data_50_size_10_PCP.log,True
m20n10,47,sample_data_51_size_10.msgpack,MILP,1024,82964,135837,1225351,32977,8.059787511825562,gurobi_stats_logs\m20n10\sample_data_51_size_10_MILP.log,True
m20n10,47,sample_data_51_size_10.msgpack,FCP,19,1559,3784,25652,1444,0.2447068691253662,gurobi_stats_logs\m20n10\sample_data_51_size_10_FCP.log,True
m20n10,47,sample_data_51_size_10.msgpack,PCP,122,9902,108284,420970,95624,2.1843225955963135,gurobi_stats_logs\m20n10\sample_data_51_size_10_PCP.log,True
m20n10,48,sample_data_52_size_10.msgpack,MILP,1024,82964,135837,1225351,32977,8.085222959518433,gurobi_stats_logs\m20n10\sample_data_52_size_10_MILP.log,True
m20n10,48,sample_data_52_size_10.msgpack,FCP,19,1559,3934,26102,1594,0.14926362037658691,gurobi_stats_logs\m20n10\sample_data_52_size_10_FCP.log,True
m20n10,48,sample_data_52_size_10.msgpack,PCP,113,9173,91629,363809,79869,1.9917035102844238,gurobi_stats_logs\m20n10\sample_data_52_size_10_PCP.log,True
m20n10,49,sample_data_53_size_10.msgpack,MILP,1024,82964,135837,1225351,32977,8.166700839996338,gurobi_stats_logs\m20n10\sample_data_53_size_10_MILP.log,True
m20n10,49,sample_data_53_size_10.msgpack,FCP,20,1640,3843,26629,1403,0.1589972972869873,gurobi_stats_logs\m20n10\sample_data_53_size_10_FCP.log,True
m20n10,49,sample_data_53_size_10.msgpack,PCP,106,8606,74186,305886,63126,1.663034439086914,gurobi_stats_logs\m20n10\sample_data_53_size_10_PCP.log,True
m20n10,50,sample_data_54_size_10.msgpack,MILP,1024,82964,135837,1225351,32977,8.203249216079712,gurobi_stats_logs\m20n10\sample_data_54_size_10_MILP.log,True
m20n10,50,sample_data_54_size_10.msgpack,FCP,18,1478,3491,23973,1251,0.14002180099487305,gurobi_stats_logs\m20n10\sample_data_54_size_10_FCP.log,True
m20n10,50,sample_data_54_size_10.msgpack,PCP,122,9902,107714,419259,95054,2.2576866149902344,gurobi_stats_logs\m20n10\sample_data_54_size_10_PCP.log,True
m30n10,1,sample_data_100_size_10.msgpack,MILP,1024,123934,187567,2402961,32977,15.66110372543335,gurobi_stats_logs\m30n10\sample_data_100_size_10_MILP.log,True
m30n10,1,sample_data_100_size_10.msgpack,FCP,29,3539,10798,82644,5488,0.4621765613555908,gurobi_stats_logs\m30n10\sample_data_100_size_10_FCP.log,True
m30n10,1,sample_data_100_size_10.msgpack,PCP,158,19148,243458,1011659,218768,5.239716529846191,gurobi_stats_logs\m30n10\sample_data_100_size_10_PCP.log,True
m30n10,2,sample_data_10_size_10.msgpack,MILP,1024,123934,187567,2402961,32977,15.995510578155518,gurobi_stats_logs\m30n10\sample_data_10_size_10_MILP.log,True
m30n10,2,sample_data_10_size_10.msgpack,FCP,28,3418,10026,78528,4866,0.45708727836608887,gurobi_stats_logs\m30n10\sample_data_10_size_10_FCP.log,True
m30n10,2,sample_data_10_size_10.msgpack,PCP,161,19511,268196,1091272,243056,5.626196384429932,gurobi_stats_logs\m30n10\sample_data_10_size_10_PCP.log,True
m30n10,3,sample_data_11_size_10.msgpack,MILP,1024,123934,187567,2402961,32977,15.880906820297241,gurobi_stats_logs\m30n10\sample_data_11_size_10_MILP.log,True
m30n10,3,sample_data_11_size_10.msgpack,FCP,28,3418,9728,77634,4568,0.4455080032348633,gurobi_stats_logs\m30n10\sample_data_11_size_10_FCP.log,True
m30n10,3,sample_data_11_size_10.msgpack,PCP,147,17817,198527,857072,175487,4.63025975227356,gurobi_stats_logs\m30n10\sample_data_11_size_10_PCP.log,True
m30n10,4,sample_data_12_size_10.msgpack,MILP,1024,123934,187567,2402961,32977,15.909557819366455,gurobi_stats_logs\m30n10\sample_data_12_size_10_MILP.log,True
m30n10,4,sample_data_12_size_10.msgpack,FCP,29,3539,9774,79572,4464,0.4684102535247803,gurobi_stats_logs\m30n10\sample_data_12_size_10_FCP.log,True
m30n10,4,sample_data_12_size_10.msgpack,PCP,158,19148,224129,953681,199439,5.129730463027954,gurobi_stats_logs\m30n10\sample_data_12_size_10_PCP.log,True
m30n10,5,sample_data_13_size_10.msgpack,MILP,1024,123934,187567,2402961,32977,15.835165977478027,gurobi_stats_logs\m30n10\sample_data_13_size_10_MILP.log,True
m30n10,5,sample_data_13_size_10.msgpack,FCP,29,3539,9709,79377,4399,0.45516204833984375,gurobi_stats_logs\m30n10\sample_data_13_size_10_FCP.log,True
m30n10,5,sample_data_13_size_10.msgpack,PCP,150,18180,213559,907575,190069,4.91315484046936,gurobi_stats_logs\m30n10\sample_data_13_size_10_PCP.log,True
m30n10,6,sample_data_14_size_10.msgpack,MILP,1024,123934,187567,2402961,32977,16.0043044090271,gurobi_stats_logs\m30n10\sample_data_14_size_10_MILP.log,True
m30n10,6,sample_data_14_size_10.msgpack,FCP,28,3418,10159,78927,4999,0.4482741355895996,gurobi_stats_logs\m30n10\sample_data_14_size_10_FCP.log,True
m30n10,6,sample_data_14_size_10.msgpack,PCP,172,20842,332240,1303199,305450,6.453817129135132,gurobi_stats_logs\m30n10\sample_data_14_size_10_PCP.log,True
m30n10,7,sample_data_15_size_10.msgpack,MILP,1024,123934,187567,2402961,32977,15.756301164627075,gurobi_stats_logs\m30n10\sample_data_15_size_10_MILP.log,True
m30n10,7,sample_data_15_size_10.msgpack,FCP,30,3660,10771,84363,5311,0.4680788516998291,gurobi_stats_logs\m30n10\sample_data_15_size_10_FCP.log,True
m30n10,7,sample_data_15_size_10.msgpack,PCP,169,20479,280235,1141796,253895,5.878938436508179,gurobi_stats_logs\m30n10\sample_data_15_size_10_PCP.log,True
m30n10,8,sample_data_16_size_10.msgpack,MILP,1024,123934,187567,2402961,32977,15.620996236801147,gurobi_stats_logs\m30n10\sample_data_16_size_10_MILP.log,True
m30n10,8,sample_data_16_size_10.msgpack,FCP,29,3539,10416,81498,5106,0.45470309257507324,gurobi_stats_logs\m30n10\sample_data_16_size_10_FCP.log,True
m30n10,8,sample_data_16_size_10.msgpack,PCP,160,19390,231624,979760,206634,5.152429819107056,gurobi_stats_logs\m30n10\sample_data_16_size_10_PCP.log,True
m30n10,9,sample_data_17_size_10.msgpack,MILP,1024,123934,187567,2402961,32977,15.647196769714355,gurobi_stats_logs\m30n10\sample_data_17_size_10_MILP.log,True
m30n10,9,sample_data_17_size_10.msgpack,FCP,28,3418,9916,78198,4756,0.4484670162200928,gurobi_stats_logs\m30n10\sample_data_17_size_10_FCP.log,True
m30n10,9,sample_data_17_size_10.msgpack,PCP,164,19874,259437,1070399,233847,5.764374494552612,gurobi_stats_logs\m30n10\sample_data_17_size_10_PCP.log,True
m30n10,10,sample_data_18_size_10.msgpack,MILP,1024,123934,187567,2402961,32977,15.489505052566528,gurobi_stats_logs\m30n10\sample_data_18_size_10_MILP.log,True
m30n10,10,sample_data_18_size_10.msgpack,FCP,28,3418,9226,76128,4066,0.4421520233154297,gurobi_stats_logs\m30n10\sample_data_18_size_10_FCP.log,True
m30n10,10,sample_data_18_size_10.msgpack,PCP,150,18180,193672,847909,170182,4.562239408493042,gurobi_stats_logs\m30n10\sample_data_18_size_10_PCP.log,True
m30n10,11,sample_data_19_size_10.msgpack,MILP,1024,123934,187567,2402961,32977,15.65794062614441,gurobi_stats_logs\m30n10\sample_data_19_size_10_MILP.log,True
m30n10,11,sample_data_19_size_10.msgpack,FCP,28,3418,10284,79302,5124,0.4570033550262451,gurobi_stats_logs\m30n10\sample_data_19_size_10_FCP.log,True
m30n10,11,sample_data_19_size_10.msgpack,PCP,170,20600,295039,1187999,268549,6.234902620315552,gurobi_stats_logs\m30n10\sample_data_19_size_10_PCP.log,True
m30n10,12,sample_data_1_size_10.msgpack,MILP,1024,123934,187567,2402961,32977,16.05289912223816,gurobi_stats_logs\m30n10\sample_data_1_size_10_MILP.log,True
m30n10,12,sample_data_1_size_10.msgpack,FCP,30,3660,11606,86868,6146,0.49449634552001953,gurobi_stats_logs\m30n10\sample_data_1_size_10_FCP.log,True
m30n10,12,sample_data_1_size_10.msgpack,PCP,162,19632,254400,1051687,229110,5.495567321777344,gurobi_stats_logs\m30n10\sample_data_1_size_10_PCP.log,True
m30n10,13,sample_data_20_size_10.msgpack,MILP,1024,123934,187567,2402961,32977,15.996880769729614,gurobi_stats_logs\m30n10\sample_data_20_size_10_MILP.log,True
m30n10,13,sample_data_20_size_10.msgpack,FCP,27,3297,8868,73254,3858,0.43436717987060547,gurobi_stats_logs\m30n10\sample_data_20_size_10_FCP.log,True
m30n10,13,sample_data_20_size_10.msgpack,PCP,157,19027,228530,965080,203990,5.109510898590088,gurobi_stats_logs\m30n10\sample_data_20_size_10_PCP.log,True
m30n10,14,sample_data_21_size_10.msgpack,MILP,1024,123934,187567,2402961,32977,15.695160865783691,gurobi_stats_logs\m30n10\sample_data_21_size_10_MILP.log,True
m30n10,14,sample_data_21_size_10.msgpack,FCP,29,3539,9602,79056,4292,0.5475919246673584,gurobi_stats_logs\m30n10\sample_data_21_size_10_FCP.log,True
m30n10,14,sample_data_21_size_10.msgpack,PCP,147,17817,178763,797792,155723,4.351504325866699,gurobi_stats_logs\m30n10\sample_data_21_size_10_PCP.log,True
m30n10,15,sample_data_22_size_10.msgpack,MILP,1024,123934,187567,2402961,32977,15.974066734313965,gurobi_stats_logs\m30n10\sample_data_22_size_10_MILP.log,True
m30n10,15,sample_data_22_size_10.msgpack,FCP,28,3418,9806,77868,4646,0.4415419101715088,gurobi_stats_logs\m30n10\sample_data_22_size_10_FCP.log,True
m30n10,15,sample_data_22_size_10.msgpack,PCP,162,19632,269815,1097929,244525,5.64119553565979,gurobi_stats_logs\m30n10\sample_data_22_size_10_PCP.log,True
m30n10,16,sample_data_23_size_10.msgpack,MILP,1024,123934,187567,2402961,32977,15.707870244979858,gurobi_stats_logs\m30n10\sample_data_23_size_10_MILP.log,True
m30n10,16,sample_data_23_size_10.msgpack,FCP,27,3297,9912,76386,4902,0.4276392459869385,gurobi_stats_logs\m30n10\sample_data_23_size_10_FCP.log,True
m30n10,16,sample_data_23_size_10.msgpack,PCP,181,21931,338008,1336698,309868,7.121798515319824,gurobi_stats_logs\m30n10\sample_data_23_size_10_PCP.log,True
m30n10,17,sample_data_24_size_10.msgpack,MILP,1024,123934,187567,2402961,32977,15.86388874053955,gurobi_stats_logs\m30n10\sample_data_24_size_10_MILP.log,True
m30n10,17,sample_data_24_size_10.msgpack,FCP,27,3297,9316,74598,4306,0.4295806884765625,gurobi_stats_logs\m30n10\sample_data_24_size_10_FCP.log,True
m30n10,17,sample_data_24_size_10.msgpack,PCP,164,19874,270969,1104989,245379,5.680455207824707,gurobi_stats_logs\m30n10\sample_data_24_size_10_PCP.log,True
m30n10,18,sample_data_25_size_10.msgpack,MILP,1024,123934,187567,2402961,32977,16.035677909851074,gurobi_stats_logs\m30n10\sample_data_25_size_10_MILP.log,True
m30n10,18,sample_data_25_size_10.msgpack,FCP,28,3418,9916,78198,4756,0.4449434280395508,gurobi_stats_logs\m30n10\sample_data_25_size_10_FCP.log,True
m30n10,18,sample_data_25_size_10.msgpack,PCP,167,20237,267914,1101227,241874,5.696555852890015,gurobi_stats_logs\m30n10\sample_data_25_size_10_PCP.log,True
m30n10,19,sample_data_26_size_10.msgpack,MILP,1024,123934,187567,2402961,32977,15.844560623168945,gurobi_stats_logs\m30n10\sample_data_26_size_10_MILP.log,True
m30n10,19,sample_data_26_size_10.msgpack,FCP,28,3418,9503,76959,4343,0.44074177742004395,gurobi_stats_logs\m30n10\sample_data_26_size_10_FCP.log,True
m30n10,19,sample_data_26_size_10.msgpack,PCP,155,18785,218037,929996,193797,4.923246145248413,gurobi_stats_logs\m30n10\sample_data_26_size_10_PCP.log,True
m30n10,20,sample_data_27_size_10.msgpack,MILP,1024,123934,187567,2402961,32977,15.778800249099731,gurobi_stats_logs\m30n10\sample_data_27_size_10_MILP.log,True
m30n10,20,sample_data_27_size_10.msgpack,FCP,28,3418,10203,79059,5043,0.4508035182952881,gurobi_stats_logs\m30n10\sample_data_27_size_10_FCP.log,True
m30n10,20,sample_data_27_size_10.msgpack,PCP,167,20237,277711,1130614,251671,5.813697814941406,gurobi_stats_logs\m30n10\sample_data_27_size_10_PCP.log,True
m30n10,21,sample_data_28_size_10.msgpack,MILP,1024,123934,187567,2402961,32977,15.972732782363892,gurobi_stats_logs\m30n10\sample_data_28_size_10_MILP.log,True
m30n10,21,sample_data_28_size_10.msgpack,FCP,29,3539,10379,81387,5069,0.4569687843322754,gurobi_stats_logs\m30n10\sample_data_28_size_10_FCP.log,True
m30n10,21,sample_data_28_size_10.msgpack,PCP,157,19027,219491,937961,194951,4.997136116027832,gurobi_stats_logs\m30n10\sample_data_28_size_10_PCP.log,True
m30n10,22,sample_data_29_size_10.msgpack,MILP,1024,123934,187567,2402961,32977,15.63856053352356,gurobi_stats_logs\m30n10\sample_data_29_size_10_MILP.log,True
m30n10,22,sample_data_29_size_10.msgpack,FCP,25,3055,8223,67719,3513,0.3852393627166748,gurobi_stats_logs\m30n10\sample_data_29_size_10_FCP.log,True
m30n10,22,sample_data_29_size_10.msgpack,PCP,160,19390,246931,1025669,221941,5.523797512054443,gurobi_stats_logs\m30n10\sample_data_29_size_10_PCP.log,True
m30n10,23,sample_data_2_size_10.msgpack,MILP,1024,123934,187567,2402961,32977,15.856788873672485,gurobi_stats_logs\m30n10\sample_data_2_size_10_MILP.log,True
m30n10,23,sample_data_2_size_10.msgpack,FCP,29,3539,10578,81984,5268,0.46906518936157227,gurobi_stats_logs\m30n10\sample_data_2_size_10_FCP.log,True
m30n10,23,sample_data_2_size_10.msgpack,PCP,165,19995,283217,1143536,257477,5.8019232749938965,gurobi_stats_logs\m30n10\sample_data_2_size_10_PCP.log,True
m30n10,24,sample_data_30_size_10.msgpack,MILP,1024,123934,187567,2402961,32977,15.703935384750366,gurobi_stats_logs\m30n10\sample_data_30_size_10_MILP.log,True
m30n10,24,sample_data_30_size_10.msgpack,FCP,27,3297,9635,75555,4625,0.4253842830657959,gurobi_stats_logs\m30n10\sample_data_30_size_10_FCP.log,True
m30n10,24,sample_data_30_size_10.msgpack,PCP,156,18906,233860,979258,209470,5.311961889266968,gurobi_stats_logs\m30n10\sample_data_30_size_10_PCP.log,True
m30n10,25,sample_data_31_size_10.msgpack,MILP,1024,123934,187567,2402961,32977,15.9333016872406,gurobi_stats_logs\m30n10\sample_data_31_size_10_MILP.log,True
m30n10,25,sample_data_31_size_10.msgpack,FCP,29,3539,10389,81417,5079,0.45299601554870605,gurobi_stats_logs\m30n10\sample_data_31_size_10_FCP.log,True
m30n10,25,sample_data_31_size_10.msgpack,PCP,166,20116,279937,1135496,254047,5.849968910217285,gurobi_stats_logs\m30n10\sample_data_31_size_10_PCP.log,True
m30n10,26,sample_data_32_size_10.msgpack,MILP,1024,123934,187567,2402961,32977,15.861512660980225,gurobi_stats_logs\m30n10\sample_data_32_size_10_MILP.log,True
m30n10,26,sample_data_32_size_10.msgpack,FCP,30,3660,12227,88731,6767,0.48540163040161133,gurobi_stats_logs\m30n10\sample_data_32_size_10_FCP.log,True
m30n10,26,sample_data_32_size_10.msgpack,PCP,164,19874,292743,1170304,267153,6.142404556274414,gurobi_stats_logs\m30n10\sample_data_32_size_10_PCP.log,True
m30n10,27,sample_data_33_size_10.msgpack,MILP,1024,123934,187567,2402961,32977,15.603682279586792,gurobi_stats_logs\m30n10\sample_data_33_size_10_MILP.log,True
m30n10,27,sample_data_33_size_10.msgpack,FCP,29,3539,10675,82275,5365,0.4535694122314453,gurobi_stats_logs\m30n10\sample_data_33_size_10_FCP.log,True
m30n10,27,sample_data_33_size_10.msgpack,PCP,162,19632,274408,1111704,249118,5.752971649169922,gurobi_stats_logs\m30n10\sample_data_33_size_10_PCP.log,True
m30n10,28,sample_data_34_size_10.msgpack,MILP,1024,123934,187567,2402961,32977,15.758369207382202,gurobi_stats_logs\m30n10\sample_data_34_size_10_MILP.log,True
m30n10,28,sample_data_34_size_10.msgpack,FCP,29,3539,10445,81585,5135,0.4508848190307617,gurobi_stats_logs\m30n10\sample_data_34_size_10_FCP.log,True
m30n10,28,sample_data_34_size_10.msgpack,PCP,165,19995,256973,1064807,231233,5.612095832824707,gurobi_stats_logs\m30n10\sample_data_34_size_10_PCP.log,True
m30n10,29,sample_data_35_size_10.msgpack,MILP,1024,123934,187567,2402961,32977,16.041657209396362,gurobi_stats_logs\m30n10\sample_data_35_size_10_MILP.log,True
m30n10,29,sample_data_35_size_10.msgpack,FCP,29,3539,10302,81156,4992,0.4556763172149658,gurobi_stats_logs\m30n10\sample_data_35_size_10_FCP.log,True
m30n10,29,sample_data_35_size_10.msgpack,PCP,159,19269,226270,961904,201430,5.149322748184204,gurobi_stats_logs\m30n10\sample_data_35_size_10_PCP.log,True
m30n10,30,sample_data_36_size_10.msgpack,MILP,1024,123934,187567,2402961,32977,15.748544931411743,gurobi_stats_logs\m30n10\sample_data_36_size_10_MILP.log,True
m30n10,30,sample_data_36_size_10.msgpack,FCP,29,3539,9761,79533,4451,0.5442225933074951,gurobi_stats_logs\m30n10\sample_data_36_size_10_FCP.log,True
m30n10,30,sample_data_36_size_10.msgpack,PCP,145,17575,186095,816177,163355,4.407472610473633,gurobi_stats_logs\m30n10\sample_data_36_size_10_PCP.log,True
m30n10,31,sample_data_37_size_10.msgpack,MILP,1024,123934,187567,2402961,32977,15.93345308303833,gurobi_stats_logs\m30n10\sample_data_37_size_10_MILP.log,True
m30n10,31,sample_data_37_size_10.msgpack,FCP,30,3660,11487,86511,6027,0.4753384590148926,gurobi_stats_logs\m30n10\sample_data_37_size_10_FCP.log,True
m30n10,31,sample_data_37_size_10.msgpack,PCP,163,19753,265394,1086469,239954,5.83339524269104,gurobi_stats_logs\m30n10\sample_data_37_size_10_PCP.log,True
m30n10,32,sample_data_38_size_10.msgpack,MILP,1024,123934,187567,2402961,32977,15.7820565700531,gurobi_stats_logs\m30n10\sample_data_38_size_10_MILP.log,True
m30n10,32,sample_data_38_size_10.msgpack,FCP,29,3539,10555,81915,5245,0.4596707820892334,gurobi_stats_logs\m30n10\sample_data_38_size_10_FCP.log,True
m30n10,32,sample_data_38_size_10.msgpack,PCP,165,19995,260621,1075750,234881,5.679926633834839,gurobi_stats_logs\m30n10\sample_data_38_size_10_PCP.log,True
m30n10,33,sample_data_39_size_10.msgpack,MILP,1024,123934,187567,2402961,32977,16.128870964050293,gurobi_stats_logs\m30n10\sample_data_39_size_10_MILP.log,True
m30n10,33,sample_data_39_size_10.msgpack,FCP,30,3660,12544,89682,7084,0.5028295516967773,gurobi_stats_logs\m30n10\sample_data_39_size_10_FCP.log,True
m30n10,33,sample_data_39_size_10.msgpack,PCP,189,22899,405967,1554969,376627,7.9656946659088135,gurobi_stats_logs\m30n10\sample_data_39_size_10_PCP.log,True
m30n10,34,sample_data_3_size_10.msgpack,MILP,1024,123934,187567,2402961,32977,16.287376165390015,gurobi_stats_logs\m30n10\sample_data_3_size_10_MILP.log,True
m30n10,34,sample_data_3_size_10.msgpack,FCP,29,3539,11606,85068,6296,0.49514031410217285,gurobi_stats_logs\m30n10\sample_data_3_size_10_FCP.log,True
m30n10,34,sample_data_3_size_10.msgpack,PCP,170,20600,308372,1227988,281882,6.432332992553711,gurobi_stats_logs\m30n10\sample_data_3_size_10_PCP.log,True
m30n10,35,sample_data_40_size_10.msgpack,MILP,1024,123934,187567,2402961,32977,16.314297914505005,gurobi_stats_logs\m30n10\sample_data_40_size_10_MILP.log,True
m30n10,35,sample_data_40_size_10.msgpack,FCP,29,3539,11159,83727,5849,0.47406506538391113,gurobi_stats_logs\m30n10\sample_data_40_size_10_FCP.log,True
m30n10,35,sample_data_40_size_10.msgpack,PCP,160,19390,255592,1051659,230602,5.647898197174072,gurobi_stats_logs\m30n10\sample_data_40_size_10_PCP.log,True
m30n10,36,sample_data_41_size_10.msgpack,MILP,1024,123934,187567,2402961,32977,16.17471170425415,gurobi_stats_logs\m30n10\sample_data_41_size_10_MILP.log,True
m30n10,36,sample_data_41_size_10.msgpack,FCP,28,3418,10046,78588,4886,0.46172666549682617,gurobi_stats_logs\m30n10\sample_data_41_size_10_FCP.log,True
m30n10,36,sample_data_41_size_10.msgpack,PCP,158,19148,256152,1049742,231462,5.538895845413208,gurobi_stats_logs\m30n10\sample_data_41_size_10_PCP.log,True
m30n10,37,sample_data_42_size_10.msgpack,MILP,1024,123934,187567,2402961,32977,16.169764518737793,gurobi_stats_logs\m30n10\sample_data_42_size_10_MILP.log,True
m30n10,37,sample_data_42_size_10.msgpack,FCP,28,3418,9980,78390,4820,0.549652099609375,gurobi_stats_logs\m30n10\sample_data_42_size_10_FCP.log,True
m30n10,37,sample_data_42_size_10.msgpack,PCP,156,18906,212762,915976,188372,4.975811004638672,gurobi_stats_logs\m30n10\sample_data_42_size_10_PCP.log,True
m30n10,38,sample_data_43_size_10.msgpack,MILP,1024,123934,187567,2402961,32977,16.106298208236694,gurobi_stats_logs\m30n10\sample_data_43_size_10_MILP.log,True
m30n10,38,sample_data_43_size_10.msgpack,FCP,28,3418,9592,77226,4432,0.44344091415405273,gurobi_stats_logs\m30n10\sample_data_43_size_10_FCP.log,True
m30n10,38,sample_data_43_size_10.msgpack,PCP,163,19753,252801,1048694,227361,5.718775272369385,gurobi_stats_logs\m30n10\sample_data_43_size_10_PCP.log,True
m30n10,39,sample_data_44_size_10.msgpack,MILP,1024,123934,187567,2402961,32977,16.445948600769043,gurobi_stats_logs\m30n10\sample_data_44_size_10_MILP.log,True
m30n10,39,sample_data_44_size_10.msgpack,FCP,27,3297,9418,74904,4408,0.44705653190612793,gurobi_stats_logs\m30n10\sample_data_44_size_10_FCP.log,True
m30n10,39,sample_data_44_size_10.msgpack,PCP,162,19632,253961,1050365,228671,5.58708381652832,gurobi_stats_logs\m30n10\sample_data_44_size_10_PCP.log,True
m30n10,40,sample_data_45_size_10.msgpack,MILP,1024,123934,187567,2402961,32977,16.181455373764038,gurobi_stats_logs\m30n10\sample_data_45_size_10_MILP.log,True
m30n10,40,sample_data_45_size_10.msgpack,FCP,28,3418,9239,76167,4079,0.4351673126220703,gurobi_stats_logs\m30n10\sample_data_45_size_10_FCP.log,True
m30n10,40,sample_data_45_size_10.msgpack,PCP,158,19148,205805,898710,181115,4.965163707733154,gurobi_stats_logs\m30n10\sample_data_45_size_10_PCP.log,True
m30n10,41,sample_data_46_size_10.msgpack,MILP,1024,123934,187567,2402961,32977,16.027050495147705,gurobi_stats_logs\m30n10\sample_data_46_size_10_MILP.log,True
m30n10,41,sample_data_46_size_10.msgpack,FCP,29,3539,11606,85068,6296,0.4780447483062744,gurobi_stats_logs\m30n10\sample_data_46_size_10_FCP.log,True
m30n10,41,sample_data_46_size_10.msgpack,PCP,176,21326,322624,1281542,295234,6.741689205169678,gurobi_stats_logs\m30n10\sample_data_46_size_10_PCP.log,True
m30n10,42,sample_data_47_size_10.msgpack,MILP,1024,123934,187567,2402961,32977,15.880415916442871,gurobi_stats_logs\m30n10\sample_data_47_size_10_MILP.log,True
m30n10,42,sample_data_47_size_10.msgpack,FCP,28,3418,9954,78312,4794,0.43775272369384766,gurobi_stats_logs\m30n10\sample_data_47_size_10_FCP.log,True
m30n10,42,sample_data_47_size_10.msgpack,PCP,165,19995,280876,1136511,255136,5.827601432800293,gurobi_stats_logs\m30n10\sample_data_47_size_10_PCP.log,True
m30n10,43,sample_data_48_size_10.msgpack,MILP,1024,123934,187567,2402961,32977,15.950629472732544,gurobi_stats_logs\m30n10\sample_data_48_size_10_MILP.log,True
m30n10,43,sample_data_48_size_10.msgpack,FCP,29,3539,9603,79059,4293,0.4475364685058594,gurobi_stats_logs\m30n10\sample_data_48_size_10_FCP.log,True
m30n10,43,sample_data_48_size_10.msgpack,PCP,139,16849,163901,738811,142061,4.066778182983398,gurobi_stats_logs\m30n10\sample_data_48_size_10_PCP.log,True
m30n10,44,sample_data_49_size_10.msgpack,MILP,1024,123934,187567,2402961,32977,15.75429391860962,gurobi_stats_logs\m30n10\sample_data_49_size_10_MILP.log,True
m30n10,44,sample_data_49_size_10.msgpack,FCP,29,3539,10131,80643,4821,0.4553859233856201,gurobi_stats_logs\m30n10\sample_data_49_size_10_FCP.log,True
m30n10,44,sample_data_49_size_10.msgpack,PCP,151,18301,203550,879341,179910,4.817652225494385,gurobi_stats_logs\m30n10\sample_data_49_size_10_PCP.log,True
m30n10,45,sample_data_4_size_10.msgpack,MILP,1024,123934,187567,2402961,32977,15.788795232772827,gurobi_stats_logs\m30n10\sample_data_4_size_10_MILP.log,True
m30n10,45,sample_data_4_size_10.msgpack,FCP,27,3297,8751,72903,3741,0.41032910346984863,gurobi_stats_logs\m30n10\sample_data_4_size_10_FCP.log,True
m30n10,45,sample_data_4_size_10.msgpack,PCP,153,18543,212491,909764,188551,4.921966552734375,gurobi_stats_logs\m30n10\sample_data_4_size_10_PCP.log,True
m30n10,46,sample_data_50_size_10.msgpack,MILP,1024,123934,187567,2402961,32977,15.858009338378906,gurobi_stats_logs\m30n10\sample_data_50_size_10_MILP.log,True
m30n10,46,sample_data_50_size_10.msgpack,FCP,30,3660,11190,85620,5730,0.4814269542694092,gurobi_stats_logs\m30n10\sample_data_50_size_10_FCP.log,True
m30n10,46,sample_data_50_size_10.msgpack,PCP,162,19632,242982,1017437,217692,5.4483819007873535,gurobi_stats_logs\m30n10\sample_data_50_size_10_PCP.log,True
m30n10,47,sample_data_51_size_10.msgpack,MILP,1024,123934,187567,2402961,32977,15.992019414901733,gurobi_stats_logs\m30n10\sample_data_51_size_10_MILP.log,True
m30n10,47,sample_data_51_size_10.msgpack,FCP,28,3418,9715,77595,4555,0.44027137756347656,gurobi_stats_logs\m30n10\sample_data_51_size_10_FCP.log,True
m30n10,47,sample_data_51_size_10.msgpack,PCP,158,19148,227615,964132,202925,5.063897609710693,gurobi_stats_logs\m30n10\sample_data_51_size_10_PCP.log,True
m30n10,48,sample_data_52_size_10.msgpack,MILP,1024,123934,187567,2402961,32977,15.961382389068604,gurobi_stats_logs\m30n10\sample_data_52_size_10_MILP.log,True
m30n10,48,sample_data_52_size_10.msgpack,FCP,30,3660,11188,85614,5728,0.4842054843902588,gurobi_stats_logs\m30n10\sample_data_52_size_10_FCP.log,True
m30n10,48,sample_data_52_size_10.msgpack,PCP,158,19148,228034,965391,203344,5.217304944992065,gurobi_stats_logs\m30n10\sample_data_52_size_10_PCP.log,True
m30n10,49,sample_data_53_size_10.msgpack,MILP,1024,123934,187567,2402961,32977,16.00633406639099,gurobi_stats_logs\m30n10\sample_data_53_size_10_MILP.log,True
m30n10,49,sample_data_53_size_10.msgpack,FCP,29,3539,10857,82821,5547,0.4558224678039551,gurobi_stats_logs\m30n10\sample_data_53_size_10_FCP.log,True
m30n10,49,sample_data_53_size_10.msgpack,PCP,170,20600,305109,1218210,278619,6.414046287536621,gurobi_stats_logs\m30n10\sample_data_53_size_10_PCP.log,True
m30n10,50,sample_data_54_size_10.msgpack,MILP,1024,123934,187567,2402961,32977,16.15733003616333,gurobi_stats_logs\m30n10\sample_data_54_size_10_MILP.log,True
m30n10,50,sample_data_54_size_10.msgpack,FCP,26,3176,8906,71568,4046,0.40706849098205566,gurobi_stats_logs\m30n10\sample_data_54_size_10_FCP.log,True
m30n10,50,sample_data_54_size_10.msgpack,PCP,173,20963,324831,1282769,297891,6.4826719760894775,gurobi_stats_logs\m30n10\sample_data_54_size_10_PCP.log,True
